date,Item,category,source,number,cost each,tax/shipping,total cost,used?,subsystem,
10/13/2022,48v 14s14p EVE 50.4v 35ah 1.76kWh,part,batteryhookup,4,139.99,103.88,663.84,yes,battery,
5/31/2023,"laser cut 1/8"" aluminum sheets for battery enclosure",part,oshcut,1,380.71,48.91,429.62,yes,battery,
7/30/2023,2x 58.8v 10a chargers,part,aliexpress,2,60,21.47,141.47,yes,battery,
6/14/2023,"8ft each black and red 1/0ga 600v wire, 12x terminating lugs, ",part,batterycablesUSA,1,101.6,3.97,105.57,yes,battery,
2/11/2023,"Zerone 0.2mm 1kg 99.6% Battery Nickel Strip, (1Roll) Nickel Tap Pure Nickel Strip Tape Strap for Battery Welding(0.2×10mm)",roll,amazon,1,85.47,0,85.47,yes,battery,
3/5/2023,"MEIJIA All Weather Waterproof Hard Camera Case With Customized Fit Foam Included, Elegant Black,Fit for Drones,camera,lens,16.26x8.66x13.39inches",part,amazon,1,65.99,0,65.99,no,battery,
4/3/2023,"MEIJIA All Weather Waterproof Hard Camera Case With Customized Fit Foam Included, Elegant Black,Fit for Drones,camera,lens,16.26x8.66x13.39inches",part,amazon,1,65.99,0,65.99,no,battery,REFUNDED
9/14/2022,TE Connectivity EV200AAANA 500a 0-900vdc Tyco 12/24v,part,batteryhookup,2,30,5,65,yes,battery,
7/28/2023,4pst relay for charge cable controls of battery,part,digikey,1,65,0,65,yes,battery,
6/14/2023,"8x 12X12X1/4"" neoprene pads, 4x butterfly latches, aluminum pull handles",part,amazon,1,55.93,4.34,60.27,yes,battery,
6/14/2023,pair 8mm back and red 50mm radlock connectors,part,mouser,1,39.87,13.85,53.72,yes,battery,
5/16/2023,4x8' sheet 1/4 hardwood plywood for battery box mockup,part,lowes,1,53,0,53,tool,battery,
4/17/2023,"Hall current sensor for auto are DHAB S / 124 limes DHAB S / 101 114 33 LEM lime DHAB S / 118, 133, 24 cars hall current sensor",part,aliexpress,1,36.58,6.39,42.97,no,battery,
4/25/2023,USED HEADWAY 38120 HP 3.2V 8AH LIFEPO4 BATTERY,part,batteryhookup,5,5.5,14.07,41.57,yes,battery,
8/9/2023,5v to 5v isolated power converters and box of crimp heasthrink fork terminals,part,amazon,1,35.49,0,35.49,yes,battery,
8/14/2023,charging splitter and power cables,part,monoprice,1,34.81,0,34.81,yes,battery,
4/23/2023,"2""x50yd white gaff tape",roll,guitar chenter,1,29.99,2.32,32.31,yes,battery,
7/28/2023,"10 pack rj45 patch cables,2x rj45 bulkhead connectors, 10x xt60 bulkhead connectors",part,amazon,1,32.26,0,32.26,yes,battery,
8/11/2023,EMI filter boards,part,amazon,2,16.13,0,32.26,yes,battery,
4/3/2023,"ZIGPEO 14 Gauge 14 AWG Silicone Wire Spools 40FT Red & 40FT Black, Extra Flexible High Temp 14AWG Stranded Copper Cable 600 Volt - RC, Automotive, Battery Cable | Tinned Copper Conductor",roll,amazon,1,30.98,0,30.98,yes,battery,REFUNDED
1/30/2023,"Spot Welder Control Board, 6 Gear Adjustable Spot Welding Machine Lithium Battery Control Board Kit DIY 18650/26650 Batteries, Portable Mini Handheld Welder, Spot Welder PCB Circuit Board (100-900A)",tool,amazon,1,29.99,0,29.99,tool,battery,
3/24/2023,TE Connectivity EV200AAANA 500a 0-900vdc Tyco 12/24v,part,batteryhookup,1,29.99,0,29.99,yes,battery,
4/24/2023,Foam camping mat,part,walmart,2,14.99,0,29.98,yes,battery,
9/5/2023,charger storage box,part,amazon,1,25.82,0,25.82,yes,battery,
9/21/2023,screen and wires for bms interface,part,amazon,1,25.81,0,25.81,no,battery,
4/21/2023,Gaffer Power Real Professional Premium Grade Gaffer Tape Made in The USA - White 2 Inch X 30 Yards - Heavy Duty Gaffer's Tape - Non-Reflective - Multipurpose - Better Than Duct Tape,roll,amazon,1,19.99,0,19.99,yes,battery,
7/31/2023,"more xt60 connectors, and uart isolation boards",part,amazon,1,19.24,0,19.24,yes,battery,
3/9/2023,BNTECHGO 14 Gauge Silicone Wire Spool 20ft Red and 20ft Black Flexible 14 AWG Stranded Tinned Copper Wire,roll,amazon,1,18.88,0,18.88,yes,battery,
4/19/2023,4x spare EVE INR18650 25P lithium cells,part,18650batterystore,4,2.99,6.24,18.2,yes,battery,
9/14/2023,2x 80mm cooling fans for charger box,part,ebay,1,17.33,0,17.33,yes,battery,
12/14/2022,"SHONAN Pure Nickel Strips for High Capacity Battery Packs- 0.2x10mm(4.9 oz, 26.2 ft each roll) 99.6% Purity Nickel Strips for Battery Spot Welding",roll,amazon,1,16.99,0,16.99,yes,battery,
4/3/2023,"SHONAN Pure Nickel Strips for High Capacity Battery Packs- 0.2x10mm(4.9 oz, 26.2 ft each roll) 99.6% Purity Nickel Strips for Battery Spot Welding",roll,amazon,1,16.49,0,16.49,yes,battery,REFUNDED
4/25/2023,Ferraz Shawmut ACK 175 0-125VDC 175a Fuse,part,batteryhookup,6,2.5,0,15,yes,battery,
4/12/2023,20awg Silicone Electrical Wire Cable 7 Colors (23ft Each) 20 Gauge Hookup Wires kit Stranded Tinned Copper Wire Flexible and Soft for DIY,roll,amazon,1,14.58,0,14.58,yes,battery,
4/28/2023,"3/4"" spade drill bit, assorted harware, dremel carving bit",tool,lowes,1,14,0,14,dyno,battery,
3/14/2023,"DTech USB to TTL Serial 3.3V Adapter Cable TX RX Signal 4 Pin 0.1 inch Pitch Female Socket PL2303 Prolific Chip Windows 10 8 7 XP Vista (6ft, Black)",tool,amazon,1,13.98,0,13.98,yes,battery,
12/14/2022,10Pcs Amass XT90 Connector Update XT90S Anti-Spark Male Female for RC FPV Lipo Battery ESC Charger Lead,set,amazon,1,13.97,0,13.97,no,battery,
4/28/2023,"72"" 4awg cable, 54"" 6awg cable",part,walmart,1,13,0,13,yes,battery,
12/14/2022,"High Temp Tape,AIYUNNI(2 inch X 108 FT) Polyimide High Temperature Resistant Tape Silicone Adhesive - for 3D Print Bed,Soldering,Masking etc.",roll,amazon,1,12.98,0,12.98,yes,battery,
8/10/2023,"1"" hole saw",tool,home depot,1,12.88,0,12.88,tool,battery,
4/3/2023,"MYJOR Brand High Temperature Tissue Paper Tape, 2in x 108ft x 1 roll Used to Protect CPU and 3D Printer Work Surface, PCB Circuit Board Professionals",roll,amazon,1,12.84,0,12.84,yes,battery,REFUNDED
3/11/2023,"NTE Electronics WH22-06-100 Hook Up Wire, Stranded, Type 22 Gauge, 100' Length, Blue",roll,amazon,1,12.56,0,12.56,yes,battery,
4/8/2023,Skar Audio 200 Amp Nickel Plated ANL Fuses (10 Pack) - SK200A-ANL-10PK,set,amazon,1,11.99,0,11.99,no,battery,
4/15/2023,"AUSTOR 60-40 Tin Lead Rosin Core Solder Wire for Electrical Soldering (100g, 1.0mm)",roll,amazon,1,11.99,0,11.99,yes,battery,
3/22/2023,bmsplitter v1 custom pcb,part,jlcpcb,10,0.52,6.45,11.67,yes,battery,Reversed one connector on board. Caused explosion of first BMS
2/11/2023,MAIYUM 63-37 Tin Lead Rosin core solder wire for electrical soldering (1.0mm 100g),roll,amazon,1,11.59,0,11.59,yes,battery,
6/17/2023,pop rivet gun,tool,harbor freight,1,11,0,11,tool,battery,
3/9/2023,180PCS Copper Wire Lugs [4 6 8 10AWG 1/4-5/16] Battery Cable Tubular Crimp Connector SC Tinned Ring Terminals with Heat Shrink Tubing Assortment Kit,set,amazon,1,10.39,0,10.39,yes,battery,
4/12/2023,Electrical Buddy JQC 3F 73T DC 5V Coil 5 Pins Mini SPST Power Relay PCB Type 10PCS,set,amazon,1,9.99,0,9.99,yes,battery,
4/16/2023,"Taiss 580PCS JST PH Connector kit 2.0mm 2/3/4/5/6Pin Housing,Female and Male Adapter Cable Connector Plug,PH2.0mm Female Pin Connectors,JST Connector F-066-580PCS",set,amazon,1,9.99,0,9.99,yes,battery,
3/11/2023,"Connectors Pro Pc Accessories 10 Pairs DB15 Male and Female D-Sub 15P Solder Type Connector, 20-Pack (10 Male + 10 Female)",set,amazon,1,9.95,0,9.95,yes,battery,
4/22/2023,DGZZI 5Pairs GX16 4Pin Male Female Circular Aviation Connector Plug 16MM Wire Panel Metal Connector,set,amazon,1,8.99,0,8.99,no,battery,
3/11/2023,UTSAUTO Battery Terminal 5/16” M8 8mm Stud Remote Battery Binding Post Power Junction Post Connector Terminal Kit 2Pcs (Red & Black),part,amazon,1,8.87,0,8.87,st1,battery,
8/10/2023,deburring tool,tool,home depot,1,8.59,0,8.59,tool,battery,
4/12/2023,Tnisesm/6pcs DC 12V Coil SPDT PCB Relay 5 Pins Mini PCB Power Relay JQC 3FF T73-5P-12V-B,set,amazon,1,7.99,0,7.99,yes,battery,
4/22/2023,"LC LICTOP 5/16” Stud Premium Remote Battery Power Junction Post Connector Terminal Kit,Pack of 2 (8mm Red & Black)",part,amazon,1,7.99,0,7.99,no,battery,
4/21/2023," Heat Shrink Tubes, Dual Wall Heat Shrink Tubing 3:1 Ratio Heat Activated Adhesive Glue Lined Marine Shrink Tube Cable Sleeving Wrap Protector Transparent 4Ft Dia(3/8"" (9.5mm))",roll,amazon,1,7.59,0,7.59,yes,battery,
8/18/2023,another mounting turnbuckle for battery box,part,lowes,1,7.51,0,7.51,yes,battery,
4/15/2023,"KOKISO 10K 3950 Ohm NTC Thermistor Temperature Sensor Probe,1% Precision Cable Length 1M with XH2.54-2P Plug for Air Conditioner (Pack of 5)",set,amazon,1,6.99,0,6.99,yes,battery,
4/12/2023,"EDGELEC 100pcs 1K ohm Resistor 1/2w (0.5Watt) ±1% Tolerance Metal Film Fixed Resistor, Multiple Values of Resistance Optional",set,amazon,1,5.99,0,5.99,yes,battery,
4/12/2023,"(100 Pcs) 1N4001 Rectifier Diode, 50V 1A DO-41 Electronic Silicon Doorbell Diodes",set,amazon,1,4.74,0,4.74,yes,battery,
4/4/2023,copper rod for spot welding tips,tool,heights truevalue,1,4.07,0,4.07,tool,battery,
6/17/2023,radlock mounting screws,part,lowes,1,3,0,3,yes,battery,
