date,cost ($),vendor,quick description,item(s),notes,fraction used,used cost
2021,300,batteryhookup,batteries,2x 48v 15.6ah 13s battery packs,,0,0
3/24/2024,110.86,aliexpress,motor controller,4 motor four-wheel drive wireless drive controller DC brushless hub motor / belt motor program ESC for electric skateboard,burned out and no longer used,0,0
10/5/2024,891.62,ebay,motors,5x 20 inch Hub Motor Ebike Front Wheel Electric Bicycle Motor Conversion Kit 48 V,4 used,0.8,713.296
10/16/2024,213.66,amazon,brakes,2 of: D Dymoece 2 Pcs Bike Disc Brake Rotors with 12 Bolts 140mm/160mm/180mm/203mm for MTB Mountain Road Bicycle BMX; 1 of: AGPTEK Bike Brake Pads; High-Performance Brake Pads; Disc Brake Pads & Spring (Semi-Metallic) for Mountain Bike Disc Brakes; 4 Pairs Bike Pads; Compatible with TRP Tektro Shimano Deore Br;Black; 2 of: DYISLAND LD-210S Hydraulic Disc Brakes Set，2-PIN/Power-Off Hydraulic Brake kit for Electric Scooter/E-Scooter(L-R brakes（Black）),,0.5,106.83
5/23/2025,150,Facebook marketplace,seat,Cobra Suzka Seat,,1,150
7/26/2025,95.7,home depot,motor mounts and frame wood,4x stake holder; 8x 2by6 8ft boards,,0.688,65.8416
7/28/2025,29.83,home depot,motor mounts,4x stake holder,no longer used,0,0
7/29/2025,223.68,amazon,suspension arms,16x YUCHENSHLP Adjustable Tensioning Rod Heim Joint Alternator Bracket for Chevy SBC 350 Short Water Pump SWP,,1,223.68
7/29/2025,83.28,amazon,steering kit,PRO BAT 300mm/11.8'' Steering Wheel Steel Kit 420mm/16.5'' Gear Rack Pinion Adjustable Shaft Set Replacement for Go Kart Go Cart Golf UTV 110cc 125cc 140cc 150cc Buggy,,1,83.28
7/29/2025,38.39,amazon,electrical connectors,1 of: FLY RC 5 Pairs Amass XT90S connectors; Molex Micro-Fit 3.0™ Dual Row (6 Circuits) Male & Female Receptacle Plug; w/Terminal sockets; (Pack of 3 Complete Set); Amass 10Pairs MT60 3.5mm 3 Pins Bullet Connector Male Female with Housing for RC ESC Motor Car Boat Quad,,1,38.39
8/2/2025,530.37,amazon,motor controller,4 of FLIPSKY 75100 Pro V2.0 with Aluminum PCB with Power Button Based on VESC for Electric Skateboard/Scooter/Ebike Speed Controller; 2 of Throttle Speed Control Pedal; Vehicle Foot Accelerator Throttle Speed Control Brake Foot Pedal for E Bike Kart Electric Bikes Scooters ATV,,1,530.37
8/5/2025,148.5,amazon,shocks,2 of: GZYF 320mm Universal Shock Absorbers Rear Suspension for HONDA for Suzuki for Kawasaki for Yamaha Go Kart ATV Dirt bikes;Silver Black,,1,148.5
8/6/2025,15.06,amazon,controller connectors,1 of: CQRobot JST PH 2.0mm Kit - 8-Pin/9-Pin/10-Pin Electronic Adapter with IC Male Plugs; Female Sockets; T-Shaped Crimp Terminals & Housing. 60 Sets/670 Pieces,,1,15.06
8/12/2025,890.17,sendcutsend,cut and bent aluminum suspension parts,,,1,890.17
8/16/2025,55.6,amazon,tie rods,4 of: YUCHENSHLP Adjustable Tensioning Rod Heim Joint Alternator Bracket for Chevy SBC 350 Short Water Pump SWP,,1,55.6
8/16/2025,196.43,mcmasterCarr,hardware,"Medium-Strength Steel Nylon-Insert Locknut
Grade 5; Zinc-Plated; 5/16""-18 Thread Size
95615A160 2
packs of 100 9.29
pack $18.58
2 High-Strength Steel Nylon-Insert Locknut
Grade 8; Zinc Yellow-Chromate Plated; 3/8""-16 Thread Size
97135A230 2
packs of 20 6.08
pack $12.16
3 Zinc-Yellow-Chromate-Plated Steel Washer
for M8 Screw Size; General Purpose; 8.5 mm ID
90483A102 1
pack of 250 8.30
pack $8.30
4 Medium-Strength Grade 5 Steel Hex Head Screw
Zinc-Plated; 5/16""-18 Thread Size; 1"" Long
92865A583 2
packs of 50 10.47
pack $20.94
5 Medium-Strength Grade 5 Steel Hex Head Screw
Zinc-Plated; 5/16""-18 Thread Size; 1-3/4"" Long; Fully Threaded
92865A589 1
pack of 50 14.87
pack $14.87
6 Zinc Yellow-Chromate Plated Hex Head Screw
Grade 8 Steel; 3/8""-16 Thread; 1-3/4"" Long; Partially Threaded
91257A630 1
pack of 25 11.44
pack $11.44
7 Zinc Yellow-Chromate Plated Hex Head Screw
Grade 8 Steel; 3/8""-16 Thread; 2-1/4"" Long; Partially Threaded
91257A633 1
pack of 25 16.98
pack $16.98
8 General Purpose Zinc-Plated Steel Washer
Undersized; for M10 Screw Size; 10.5 mm ID; 18.0 mm OD
98688A118 1
pack of 100 10.29
pack $10.29
9 Grade 5 Steel Square-Neck Carriage Bolt
Medium-Strength; Zinc-Plated; 5/16""-18 Thread Size; 2-1/4"" Long
90185A419 4
packs of 10 10.10
pack $40.40
10 1008-1010 Carbon Steel Ring Shims
2 mm Thick; 10 mm ID
3088A206 1
pack of 100 11.43
pack $11.43",,1,196.43
8/20/2025,10.04,amazon,brake disc bolts,1 of: M5 x 16mm Socket Head Cap Screws; Grade 12.9 Alloy Steel Black Oxide; Allen Socket Drive; Full Thread; Pack of 50,,1,10.04
8/22/2025,13.98,amazon,spare arm,1 of: YUCHENSHLP Adjustable Tensioning Rod Heim Joint Alternator Bracket for Chevy SBC 350 Short Water Pump SWP,spare,0,0
8/22/2025,9.84,home depot,nuts,20x 3/8-16 nylon insert lock nuts,,1,9.84
8/23/2025,34.8,amazon,tires,"2-Pack 16/20 Kids Bike Tire; 16×1.95/20×2.125 inch BMX Heavy Duty Bike Tire; Puncture-Resistant Bicycle Tire; 16""/20"" Inner Tubes Schrader Valve; Compatible with Child; Tricycle; Cruiser Bike",,0,0
8/24/2025,183.16,revZilla,tires,4 of Shinko SR 714 Moped Tires Size: 2.25-16 31L; 4 of BikeMaster Performance Motorcycle Tubes Size: 60/100-16,,1,183.16
8/28/2025,10.05,home depot,brackets,8x 5in flat corner bracket,,1,10.05
8/28/2025,7.39,home depot,washers,25x 9/16 flat washers,,1,7.39
8/31/2025,131.19,batteryhookup,batteries,2 of A123 36v 19.2ah 736wh Lifepo4 - 96x 26650 M1B Cells,,1,131.19
8/31/2025,195.66,amazon,BMS; charger,100BALANCE BMS 150A Active Balance 1A 8S-24S Build in Bluetooth Cell Balancing Smart PCB Battery Protection Board for Li-ion/Lifpo4/LTO Lithium Battery Pack; 84V 8A Li-ion Battery Smart Charger With Cooling Fan Black Aluminum Case Safe And Durable Used for 20S 72V Lithium Battery Charger DC Output XT60 Male Connector; 100BALANCE Square Switch for Smart Active Balance BMS,,1,195.66
9/5/2025,21.34,amazon,m8 hardware,,,1,21.34
,,,,,,,
1/27/2026,,,,Total Cost,,,3786.1176
